{
    "Acc train": 0.5686613836164277,
    "Acc test": 0.5659844581635141,
    "Mean Square error": 26457381.73149078
}