{
    "Acc train": 0.9890806242156365,
    "Acc test": 0.9627912737415588
}