{
    "Acc train": 0.8393573519848957,
    "Acc test": 0.8231226698275571,
    "Mean Square error": 11447772.089901926
}