{
    "Acc train": 0.9936102830442893,
    "Acc test": 0.9612119687269324,
    "step": 0
}