{
    "Acc train": 0.9151045026239112,
    "Acc test": 0.8886530865082211,
    "Mean Square error": 8341203.831794291
}