{
    "Acc train": 0.831318317467952,
    "Acc test": 0.81481857215501,
    "Mean Square error": 11489812.404995484
}