{
    "Acc train": 0.9934055250925998,
    "Acc test": 0.9659519087947804
}