{
    "Acc train": 0.9933069314435699,
    "Acc test": 0.9655328248393934
}