{
    "Acc train": 0.567139543681128,
    "Acc test": 0.5645366715052659,
    "Mean Square error": 26248817.80940308
}