{
    "Acc train": 0.8597563109747468,
    "Mean Square error": 15761547.527765127
}