{
    "Acc train": 0.8593567842205271,
    "Mean Square error": 15758210.459832938
}