{
    "Acc train": 0.7637488083612402,
    "Mean Square error": 21761954.434421256
}