{
    "Acc train": 0.7648580695988595,
    "Mean Square error": 21650313.737479936
}