{
    "Acc train": 0.8702755143640583,
    "Mean Square error": 15109272.342201294
}