{
    "Acc train": 0.8594324999104407,
    "Mean Square error": 15727618.990456514
}