{
    "Acc train": 0.7645728837658236,
    "Mean Square error": 21642749.74396777
}