{
    "Acc train": 0.7646039307254355,
    "Mean Square error": 21706127.73286978
}